Time,Open,High,Low,Close,Volume
2020-01-06,877.5,883.5,871.6,872.0,83770
2020-01-07,873.9,877.8,871.6,875.0,83997
2020-01-08,868.0,871.0,863.4,863.7,90489
2020-01-09,869.1,876.2,868.7,874.8,75461
2020-01-10,876.1,884.4,875.4,878.7,82465
2020-01-13,881.0,883.1,877.6,879.5,69842
2020-01-14,880.5,885.8,880.1,882.3,74369
2020-01-15,882.0,884.3,880.1,883.8,59791
2020-01-16,886.5,892.3,885.5,892.1,54457
2020-01-17,895.0,895.5,889.5,893.5,70607
2020-01-20,893.0,897.2,891.6,896.9,60257
2020-01-21,896.0,904.6,896.0,902.2,63328
2020-01-22,902.7,909.1,901.8,909.0,64281
2020-01-30,903.6,904.0,873.0,873.0,105632
2020-01-31,879.0,879.4,845.0,852.0,139324
2020-02-03,847.1,850.0,811.0,841.0,183620
2020-02-04,844.8,851.0,831.2,842.2,194912
2020-02-05,848.5,849.5,835.7,841.8,139923
2020-02-06,846.0,861.4,844.0,860.5,140367
2020-02-07,856.4,859.4,850.6,857.0,125635
2020-02-10,851.0,851.5,845.6,846.1,107072
2020-02-11,849.0,856.5,847.1,850.3,103659
2020-02-12,849.1,864.7,849.1,856.6,128526
2020-02-13,855.5,856.9,849.6,855.1,131133
2020-02-14,859.5,864.0,858.3,861.8,126261
2020-02-17,863.2,865.4,859.5,863.8,86306
2020-02-18,862.7,864.0,856.0,856.0,74707
2020-02-19,857.9,865.8,856.5,865.8,82723
2020-02-20,867.5,873.5,865.8,871.7,64539
2020-02-21,868.0,872.0,861.4,862.8,112375
2020-02-24,850.0,850.7,829.0,829.0,128478
2020-02-25,825.0,842.2,820.0,841.0,162837
2020-02-26,825.0,841.5,824.0,836.6,179965
2020-02-27,834.5,847.2,832.4,847.2,156792
2020-02-28,833.0,837.9,816.6,830.1,203810
2020-03-02,834.8,844.9,831.5,839.6,118761
2020-03-03,846.5,849.4,838.0,838.0,136611
2020-03-04,836.2,842.4,834.6,841.1,123322
2020-03-05,845.1,848.4,836.0,836.0,105182
2020-03-06,828.9,834.0,822.3,832.3,141416
2020-03-09,796.2,798.0,774.1,774.1,131999
2020-03-10,768.0,791.9,760.2,781.5,207615
2020-03-11,778.9,784.0,726.8,745.0,212493
2020-03-12,718.0,721.9,694.0,694.0,194113
2020-03-13,668.0,729.0,661.0,712.3,228204
2020-03-16,699.0,705.0,668.0,674.9,186102
2020-03-17,682.0,705.0,675.2,700.6,216320
2020-03-18,699.9,704.5,681.7,688.0,174759
2020-03-19,686.0,688.0,671.8,678.0,139677
2020-03-20,672.8,677.8,668.0,672.1,145359
2020-03-23,642.0,644.9,625.1,625.1,97093
2020-03-24,634.5,636.9,620.0,626.0,210798
2020-03-25,639.9,649.5,636.2,648.3,167871
2020-03-26,642.1,643.9,625.5,626.1,176064
2020-03-27,632.3,635.0,605.0,615.0,204113
2020-03-30,604.9,604.9,578.7,583.0,202159
2020-03-31,592.0,602.7,560.0,578.7,226261
2020-04-01,583.0,601.2,577.5,590.0,218566
2020-04-03,604.0,615.8,603.2,613.9,181611
2020-04-06,639.9,656.8,636.3,656.8,123780
2020-04-07,675.8,682.0,658.3,677.0,228037
2020-04-08,661.0,675.0,656.8,675.0,193063
2020-04-09,681.0,689.5,678.0,680.2,194931
2020-04-10,680.2,686.0,672.1,682.0,210246
2020-04-13,676.1,696.5,676.1,689.7,202584
2020-04-14,697.1,705.8,688.0,705.2,186742
2020-04-15,705.9,719.5,705.8,717.5,151019
2020-04-16,716.9,728.4,714.0,725.2,102626
2020-04-17,723.0,724.5,710.5,716.5,178181
2020-04-20,713.5,718.5,710.0,710.0,159470
2020-04-21,703.5,703.9,668.0,670.1,230517
2020-04-22,662.6,689.7,659.1,686.9,258419
2020-04-23,691.0,696.0,678.9,678.9,260194
2020-04-24,680.0,698.5,675.0,697.1,235828
2020-04-27,706.9,710.0,688.0,692.5,209723
2020-04-28,689.0,701.5,684.2,694.0,240653
2020-04-29,696.0,707.1,692.6,702.5,223231
2020-05-04,680.1,695.7,678.1,684.0,202008
2020-05-05,689.0,698.0,688.2,695.3,190570
2020-05-06,696.0,718.0,695.3,718.0,179060
2020-05-07,718.0,746.9,717.5,742.0,212402
2020-05-08,748.0,792.5,723.1,744.0,276292
2020-05-11,758.3,775.0,748.1,762.2,241815
2020-05-12,759.1,766.0,749.8,759.1,261592
2020-05-13,755.0,781.0,748.1,770.3,274565
2020-05-14,762.1,774.0,759.8,768.0,220617
2020-05-15,773.0,777.0,763.0,766.7,185787
2020-05-18,769.8,788.0,767.1,788.0,157405
2020-05-19,805.3,813.7,792.5,799.5,158811
2020-05-20,799.0,807.5,794.0,807.5,153550
2020-05-21,807.5,864.0,805.1,864.0,90311
2020-05-22,789.0,794.5,768.9,768.9,183398
2020-05-25,776.5,786.0,772.3,782.0,196856
2020-05-26,790.0,809.4,788.1,809.4,181518
2020-05-27,810.9,813.0,781.1,782.9,208309
2020-05-28,788.0,796.5,778.3,790.0,234116
2020-05-29,788.6,792.8,776.1,785.0,185260
2020-06-01,794.9,812.0,793.5,811.0,147528
2020-06-02,813.9,815.2,800.6,808.1,205836
2020-06-03,820.1,821.8,811.0,819.0,204025
2020-06-04,821.0,822.3,813.3,815.0,131414
2020-06-05,813.0,825.0,809.3,825.0,143854
2020-06-08,832.0,845.0,831.0,836.5,159338
2020-06-09,836.5,838.8,827.0,827.0,157697
2020-06-10,829.5,840.8,825.9,839.3,185721
2020-06-11,833.9,838.8,795.0,795.0,191947
2020-06-12,783.5,806.4,778.1,805.0,300905
2020-06-15,796.5,803.5,765.2,775.0,208388
2020-06-16,793.9,801.5,790.8,798.0,212214
2020-06-17,798.8,802.9,793.1,800.7,176293
2020-06-18,794.1,803.6,790.8,797.1,100844
2020-06-19,790.0,800.0,789.0,798.6,130018
2020-06-22,800.2,805.8,793.0,797.9,156049
2020-06-23,791.1,800.4,791.1,796.0,175272
2020-06-24,796.0,798.3,783.5,785.0,143297
2020-06-25,776.2,782.8,775.0,781.0,172194
2020-06-26,787.8,788.5,776.1,778.1,142205
2020-06-29,776.7,776.7,753.6,763.0,218029
2020-06-30,769.0,770.4,751.0,752.5,197428
2020-07-01,755.9,769.9,753.1,768.6,197988
2020-07-02,770.6,778.0,762.6,773.0,219722
2020-07-03,774.8,776.5,768.7,772.8,167568
2020-07-06,780.3,798.3,780.3,798.3,128165
2020-07-07,797.8,806.3,791.6,794.0,192970
2020-07-08,793.1,802.1,791.1,802.1,182464
2020-07-09,801.9,820.3,801.0,815.2,201665
2020-07-10,819.7,819.7,798.9,803.7,216441
2020-07-13,811.0,813.0,798.7,803.0,198350
2020-07-14,799.5,805.2,792.3,804.2,192988
2020-07-15,815.0,822.0,812.5,817.0,172911
2020-07-16,814.1,817.4,810.0,816.0,96189
2020-07-17,811.0,813.4,805.4,807.9,162893
2020-07-20,804.9,806.0,795.5,796.5,137102
2020-07-21,799.0,805.0,793.5,805.0,155450
2020-07-22,804.0,805.4,791.0,792.0,146210
2020-07-23,793.5,798.5,787.6,797.1,175591
2020-07-24,792.6,793.3,759.0,765.0,234252
2020-07-27,746.0,747.0,711.6,711.6,255235
2020-07-28,715.0,748.3,715.0,741.7,322020
2020-07-29,728.0,733.0,698.3,720.7,354161
2020-07-30,726.3,740.9,723.9,730.2,345205
2020-07-31,718.0,735.5,710.2,725.0,344925
2020-08-03,732.0,745.9,730.5,742.0,234799
2020-08-04,758.0,762.0,751.1,762.0,234993
2020-08-05,758.7,779.9,756.7,777.5,230438
2020-08-06,777.6,786.8,768.4,776.0,262783
2020-08-07,773.0,783.5,772.0,780.6,263978
2020-08-10,787.2,794.5,782.4,782.4,178671
2020-08-11,787.9,788.9,778.6,787.0,209054
2020-08-12,783.0,791.0,782.5,791.0,174045
2020-08-13,793.8,799.6,792.1,798.3,144356
2020-08-14,798.7,803.4,788.4,793.5,188374
2020-08-17,792.7,796.0,781.6,792.5,195848
2020-08-18,794.0,795.0,785.0,788.0,195165
2020-08-19,788.8,794.1,786.1,793.0,137310
2020-08-20,789.6,793.1,781.2,785.0,147705
2020-08-21,785.2,792.9,782.9,792.9,145073
2020-08-24,801.1,815.5,801.1,815.5,141150
2020-08-25,824.0,824.5,813.0,813.0,178048
2020-08-26,812.5,819.0,811.3,813.2,158386
2020-08-27,813.0,819.0,812.5,819.0,126361
2020-08-28,822.3,831.4,822.3,823.0,143347
2020-08-31,829.0,830.5,821.5,824.1,140117
2020-09-01,821.7,838.0,821.0,837.4,143785
2020-09-03,847.4,850.0,836.6,850.0,172267
2020-09-04,838.6,846.6,836.6,844.8,171193
2020-09-07,848.0,848.0,821.7,821.7,164502
2020-09-08,824.8,830.9,817.7,829.5,215574
2020-09-09,819.0,831.2,814.9,830.0,223531
2020-09-10,831.4,836.5,823.5,823.5,157280
2020-09-11,825.0,830.2,821.2,827.9,141856
2020-09-14,832.1,836.5,830.9,834.0,100334
2020-09-15,834.0,835.9,832.0,833.0,74780
2020-09-16,832.1,834.6,831.6,834.6,56137
2020-09-17,833.3,836.6,827.1,831.0,70142
2020-09-18,834.9,848.0,833.4,846.3,111328
2020-09-21,846.2,856.8,845.8,848.0,130603
2020-09-22,846.3,853.5,845.1,850.0,134879
2020-09-23,854.3,858.7,851.0,854.1,132366
2020-09-24,850.0,854.2,847.6,853.1,110306
2020-09-25,856.0,856.9,848.5,854.9,100626
2020-09-28,858.2,862.9,856.1,862.9,92142
2020-09-29,865.0,868.2,854.1,854.1,121353
2020-09-30,855.0,860.3,851.3,859.8,158810
2020-10-01,864.0,867.0,861.7,867.0,114067
2020-10-02,865.6,867.5,854.0,861.5,132045
2020-10-05,866.8,869.8,864.0,868.8,89923
2020-10-06,871.8,872.0,864.0,867.7,120138
2020-10-07,867.2,873.0,866.6,867.0,109263
2020-10-08,869.0,869.4,864.5,868.7,106731
2020-10-09,869.3,871.7,868.1,871.6,79669
2020-10-12,875.0,878.8,873.0,875.0,90602
2020-10-13,874.0,876.9,872.5,876.4,72574
2020-10-14,876.6,894.8,876.6,894.8,93254
2020-10-15,898.0,903.0,893.1,899.2,95986
2020-10-16,893.0,898.0,888.6,895.1,137000
2020-10-19,898.0,903.4,896.5,903.4,95453
2020-10-20,900.5,911.2,899.6,911.2,108098
2020-10-21,913.8,918.4,906.0,908.5,122699
2020-10-22,906.5,924.0,903.8,924.0,122931
2020-10-23,927.0,937.3,925.4,935.0,125668
2020-10-26,935.9,949.5,927.0,927.0,127361
2020-10-27,926.9,931.9,916.7,920.0,178135
2020-10-28,921.3,921.9,894.2,895.9,179579
2020-10-29,892.0,899.5,879.5,887.5,215546
2020-10-30,891.0,896.6,875.1,896.6,215946
2020-11-02,900.1,907.0,895.4,904.0,134228
2020-11-03,909.0,910.9,903.3,908.3,117427
2020-11-04,908.3,918.3,906.6,912.3,125832
2020-11-05,914.4,920.0,909.5,910.2,131648
2020-11-06,911.2,912.8,903.2,908.3,112103
2020-11-09,914.0,923.0,913.8,923.0,98304
2020-11-10,934.5,935.4,921.0,921.0,130274
2020-11-11,922.5,923.0,912.0,921.4,140162
2020-11-12,921.0,928.0,920.6,927.9,106758
2020-11-13,927.1,936.0,926.5,935.9,90068
2020-11-16,941.0,942.6,916.0,916.9,183716
2020-11-17,918.0,938.0,918.0,938.0,124391
2020-11-18,938.0,942.5,930.1,936.0,146005
2020-11-19,935.9,946.3,935.4,944.2,82732
2020-11-20,950.1,954.0,944.4,952.4,90552
2020-11-23,952.9,961.0,948.4,959.4,106812
2020-11-24,960.9,965.4,952.1,964.0,153972
2020-11-25,966.2,970.0,960.0,960.0,127581
2020-11-26,959.9,975.9,958.2,970.2,114082
2020-11-27,970.2,975.9,967.2,974.5,90902
2020-11-30,975.5,975.6,966.0,966.0,92465
2020-12-01,960.5,981.0,959.6,980.3,114299
2020-12-02,979.5,986.0,979.0,979.0,99864
2020-12-03,980.1,989.0,980.0,988.0,86101
2020-12-04,989.2,992.7,983.0,987.0,96277
2020-12-07,989.5,996.2,986.2,994.5,80839
2020-12-08,994.4,997.3,990.0,993.0,97422
2020-12-09,995.0,1008.0,995.0,1008.0,93382
2020-12-10,1007.5,1010.5,997.3,1002.0,110228
2020-12-11,1003.0,1009.4,998.6,1008.1,97171
2020-12-14,1012.1,1026.0,1012.1,1026.0,90195
2020-12-15,1026.5,1027.5,1010.5,1014.7,123437
2020-12-16,1018.6,1029.9,1017.6,1028.0,132991
2020-12-17,1025.0,1027.4,1011.6,1016.3,144728
2020-12-18,1026.0,1044.5,1025.0,1043.5,120268
2020-12-21,1043.2,1059.8,1042.6,1057.0,134380
2020-12-22,1057.0,1063.1,1050.7,1060.3,150496
2020-12-23,1063.0,1067.6,1051.0,1055.0,136370
2020-12-24,1058.5,1060.7,1026.3,1042.6,230696
2020-12-25,1045.0,1064.9,1034.0,1064.9,158420
2020-12-28,1069.5,1073.8,1056.6,1066.0,164755
2020-12-29,1066.0,1073.0,1063.3,1067.1,116122
2020-12-30,1066.0,1079.1,1064.5,1070.1,129172
2020-12-31,1072.4,1083.9,1068.9,1083.9,137830
2021-01-04,1091.0,1115.0,1090.2,1109.4,116484
2021-01-05,1106.5,1115.7,1100.1,1111.0,151856
2021-01-06,1116.5,1132.5,1114.1,1125.0,163112
2021-01-07,1134.8,1148.9,1124.2,1148.9,172555
2021-01-08,1146.7,1176.6,1146.0,1176.6,191787
2021-01-11,1180.9,1196.8,1177.2,1193.1,123682
2021-01-12,1197.9,1198.0,1184.2,1191.9,159585
2021-01-13,1195.0,1201.6,1179.0,1192.0,150208
2021-01-14,1190.8,1195.6,1182.0,1188.9,157233
2021-01-15,1191.3,1194.9,1188.1,1190.5,94376
2021-01-18,1193.1,1194.1,1177.0,1177.0,91660
2021-01-19,1178.0,1179.0,1094.7,1104.8,220843
2021-01-20,1110.0,1125.0,1067.3,1125.0,247536
2021-01-21,1128.8,1151.5,1113.0,1150.7,148094
2021-01-22,1183.0,1189.2,1168.1,1173.5,186904
2021-01-25,1172.0,1178.4,1166.4,1173.1,133912
2021-01-26,1171.8,1173.3,1115.0,1133.0,242403
2021-01-27,1127.5,1134.8,1078.0,1082.2,285857
2021-01-28,1050.0,1050.0,1006.5,1006.5,154602
2021-01-29,974.0,1076.9,966.3,1076.9,250006
2021-02-01,1065.0,1075.8,1030.0,1030.0,239917
2021-02-02,1039.0,1098.6,1031.0,1092.0,237857
2021-02-03,1100.2,1143.0,1097.0,1124.9,211524
2021-02-04,1126.6,1134.0,1106.2,1115.0,274032
2021-02-05,1125.0,1146.0,1122.2,1139.9,165836
2021-02-08,1138.2,1139.5,1075.0,1092.0,260500
2021-02-09,1100.0,1142.9,1095.0,1130.3,203704
2021-02-17,1140.5,1176.6,1140.1,1176.6,117320
2021-02-18,1183.0,1187.3,1166.6,1187.3,120131
2021-02-19,1176.0,1193.3,1168.9,1178.0,168285
2021-02-22,1182.4,1199.8,1169.1,1173.1,183570
2021-02-23,1178.1,1197.9,1176.2,1186.4,214381
2021-02-24,1191.3,1199.8,1148.2,1162.0,208243
2021-02-25,1177.0,1182.0,1159.7,1182.0,207220
2021-02-26,1161.8,1179.9,1146.1,1174.0,200027
2021-03-01,1183.5,1194.0,1182.4,1193.0,104843
2021-03-02,1198.1,1201.5,1186.0,1194.0,137512
2021-03-03,1192.2,1200.5,1190.2,1199.5,125104
2021-03-04,1195.9,1200.7,1165.0,1181.3,186086
2021-03-05,1168.9,1175.4,1159.7,1169.0,169038
2021-03-08,1180.6,1183.4,1160.6,1165.0,156864
2021-03-09,1165.1,1171.0,1149.0,1158.5,189726
2021-03-10,1161.9,1178.9,1156.2,1178.9,175676
2021-03-11,1185.0,1194.3,1184.1,1191.3,126936
2021-03-12,1192.9,1194.2,1183.5,1190.0,118929
2021-03-15,1189.0,1192.0,1186.6,1188.8,79779
2021-03-16,1191.1,1191.5,1180.1,1186.2,97666
2021-03-17,1184.1,1197.8,1182.7,1197.8,116145
2021-03-18,1204.1,1212.0,1203.0,1211.5,82601
2021-03-19,1203.9,1210.5,1199.2,1208.0,113655
2021-03-22,1207.6,1209.9,1192.4,1192.4,127426
2021-03-23,1195.7,1195.9,1179.9,1184.5,138578
2021-03-24,1178.5,1179.0,1155.0,1170.9,162190
2021-03-25,1172.0,1177.9,1158.1,1162.0,209777
2021-03-26,1164.2,1175.0,1143.8,1173.0,225707
2021-03-29,1176.8,1187.0,1166.6,1183.0,166664
2021-03-30,1182.8,1194.4,1179.1,1191.2,130595
2021-03-31,1192.5,1199.9,1189.0,1191.9,154028
2021-04-01,1193.0,1237.0,1191.8,1235.5,158449
2021-04-02,1241.0,1249.0,1232.5,1234.0,135248
2021-04-05,1241.0,1258.6,1239.5,1257.0,140627
2021-04-06,1256.8,1259.0,1246.0,1252.1,159608
2021-04-07,1249.5,1256.6,1247.6,1252.0,101647
2021-04-08,1253.1,1258.9,1241.0,1243.2,125107
2021-04-09,1244.8,1253.9,1238.5,1251.9,113707
2021-04-12,1260.0,1281.9,1257.1,1274.6,123106
2021-04-13,1280.2,1296.1,1267.0,1271.0,190047
2021-04-14,1268.0,1293.0,1265.5,1292.0,176458
2021-04-15,1294.8,1298.9,1282.5,1283.9,154811
2021-04-16,1283.5,1285.5,1256.1,1273.5,204021
2021-04-19,1276.0,1312.0,1271.6,1312.0,185665
2021-04-20,1316.0,1334.0,1282.1,1300.0,280266
2021-04-22,1301.0,1312.8,1261.2,1261.2,247552
2021-04-23,1260.9,1296.7,1249.1,1296.7,272343
2021-04-26,1297.0,1306.4,1249.7,1254.0,265871
2021-04-27,1253.0,1277.8,1253.0,1265.0,253877
2021-04-28,1268.0,1288.7,1261.0,1275.0,222974
2021-04-29,1285.0,1305.0,1282.2,1301.0,193860
2021-05-04,1278.0,1327.1,1273.2,1320.0,193972
2021-05-05,1323.2,1352.7,1320.1,1335.9,224033
2021-05-06,1340.6,1343.9,1327.1,1336.5,253034
2021-05-07,1336.2,1339.8,1314.0,1323.8,209572
2021-05-10,1323.2,1375.0,1322.8,1375.0,189654
2021-05-11,1373.5,1385.0,1348.3,1350.1,274860
2021-05-12,1347.5,1384.0,1338.4,1382.1,302367
2021-05-13,1376.0,1383.7,1360.1,1363.9,273637
2021-05-14,1372.2,1391.7,1369.0,1374.0,248354
2021-05-17,1382.1,1388.3,1365.0,1367.0,189026
2021-05-18,1371.9,1379.6,1360.6,1375.0,211694
2021-05-19,1373.3,1407.4,1373.1,1404.9,181035
2021-05-20,1407.1,1425.0,1397.1,1425.0,148232
2021-05-21,1412.4,1423.0,1406.4,1414.0,194245
2021-05-24,1415.0,1428.5,1414.2,1426.0,166655
2021-05-25,1427.0,1443.3,1423.5,1438.0,143103
2021-05-26,1439.0,1453.0,1436.7,1453.0,169576
2021-05-27,1453.0,1456.0,1430.0,1430.0,173827
2021-05-28,1434.2,1464.8,1433.6,1462.5,176803
2021-05-31,1459.9,1480.8,1443.0,1479.5,211791
2021-06-01,1485.0,1497.4,1475.7,1487.6,165827
2021-06-02,1487.5,1494.4,1468.0,1481.8,211586
2021-06-03,1486.5,1507.5,1483.1,1504.0,180549
2021-06-04,1504.6,1510.9,1495.5,1505.9,185837
2021-06-07,1507.0,1509.2,1473.0,1485.0,195761
2021-06-08,1488.1,1498.4,1400.0,1429.9,265915
2021-06-09,1439.9,1473.8,1426.0,1459.0,301625
2021-06-10,1460.9,1470.0,1438.0,1453.0,343846
2021-06-11,1458.9,1494.9,1456.2,1493.2,230017
2021-06-14,1494.2,1509.3,1485.2,1497.5,201687
2021-06-15,1498.1,1505.8,1486.1,1491.0,243306
2021-06-16,1490.7,1494.3,1461.5,1468.9,250671
2021-06-17,1462.0,1472.8,1452.0,1463.9,178333
2021-06-18,1470.0,1491.7,1469.0,1485.0,211415
2021-06-21,1476.0,1487.0,1471.0,1474.1,198646
2021-06-22,1484.8,1500.9,1483.2,1490.4,150529
2021-06-23,1492.5,1504.1,1484.0,1490.4,206002
2021-06-24,1497.6,1503.0,1478.0,1488.0,204908
2021-06-25,1496.5,1505.0,1484.0,1505.0,186128
2021-06-28,1509.1,1525.5,1507.5,1523.8,145369
2021-06-29,1524.1,1535.4,1522.3,1533.9,166652
2021-06-30,1534.1,1542.9,1528.0,1529.2,166084
2021-07-01,1532.0,1549.0,1525.5,1549.0,192326
2021-07-02,1551.0,1558.0,1547.0,1556.1,181405
2021-07-05,1560.0,1568.0,1533.4,1568.0,220538
2021-07-06,1566.0,1569.3,1501.0,1501.0,209073
2021-07-07,1515.0,1536.9,1492.0,1535.0,293140
2021-07-08,1532.5,1538.0,1500.0,1513.0,304244
2021-07-09,1509.0,1530.0,1480.0,1497.0,303744
2021-07-12,1503.0,1503.8,1401.0,1443.9,398540
2021-07-13,1442.0,1458.8,1416.0,1446.9,354374
2021-07-14,1409.0,1409.0,1409.0,1409.0,320253
2021-07-15,1431.8,1431.8,1431.8,1431.8,246031
2021-07-16,1435.5,1448.6,1434.3,1440.0,251674
2021-07-19,1414.8,1415.0,1367.8,1368.0,307734
2021-07-20,1374.0,1409.0,1358.8,1405.0,358081
2021-07-21,1411.0,1417.5,1395.1,1402.0,266094
2021-07-22,1404.6,1436.9,1402.1,1427.1,243622
2021-07-23,1424.8,1430.0,1401.0,1401.0,339160
2021-07-26,1399.9,1416.8,1383.0,1408.1,314381
2021-07-27,1413.0,1426.0,1405.3,1405.3,295204
2021-07-28,1405.0,1417.7,1400.1,1407.8,314607
2021-07-29,1416.5,1431.1,1414.0,1431.1,265927
2021-07-30,1430.6,1446.6,1427.3,1445.0,234958
2021-08-02,1446.7,1458.0,1442.6,1447.9,215991
2021-08-03,1449.5,1475.0,1447.2,1475.0,307949
2021-08-04,1472.6,1480.9,1462.0,1470.9,252556
2021-08-05,1468.2,1490.9,1466.1,1487.1,249064
2021-08-06,1487.3,1490.8,1471.5,1472.9,215928
2021-08-09,1470.0,1503.2,1468.5,1500.5,197791
2021-08-10,1501.2,1506.8,1485.8,1494.1,273956
2021-08-11,1496.0,1505.1,1486.0,1486.0,244596
2021-08-12,1486.8,1492.9,1472.4,1477.1,273749
2021-08-13,1480.0,1485.0,1464.0,1485.0,270677
2021-08-16,1485.5,1503.9,1485.5,1503.0,171116
2021-08-17,1507.4,1508.3,1488.0,1493.0,205600
2021-08-18,1494.4,1504.2,1485.2,1490.9,231129
2021-08-19,1493.3,1502.8,1484.6,1500.0,182025
2021-08-20,1492.6,1493.2,1425.1,1445.0,290731
2021-08-23,1444.4,1447.4,1409.0,1411.2,355198
2021-08-24,1415.1,1427.5,1407.5,1415.1,318725
2021-08-25,1418.2,1432.0,1410.0,1431.5,277394
2021-08-26,1430.4,1432.0,1403.0,1406.7,241560
2021-08-27,1409.5,1422.0,1390.5,1420.0,351832
2021-08-30,1422.9,1435.3,1422.5,1432.9,194331
2021-08-31,1433.5,1434.5,1421.1,1427.0,190833
2021-09-01,1427.0,1434.9,1423.1,1428.6,210501
2021-09-06,1434.0,1444.9,1431.9,1444.6,146220
2021-09-07,1445.1,1449.8,1436.5,1441.0,167859
2021-09-08,1441.7,1442.0,1428.6,1431.1,188959
2021-09-09,1430.5,1446.0,1429.8,1446.0,155263
2021-09-10,1447.2,1452.9,1443.0,1447.1,148017
2021-09-13,1445.1,1448.7,1437.2,1442.0,130805
2021-09-14,1440.8,1445.1,1434.6,1436.5,130215
2021-09-15,1437.5,1450.6,1434.9,1447.5,132636
2021-09-16,1447.9,1453.5,1445.7,1449.8,105690
2021-09-17,1444.3,1457.6,1443.4,1456.8,133478
2021-09-20,1460.0,1466.6,1452.0,1452.0,141115
2021-09-21,1446.0,1447.3,1425.4,1440.0,225424
2021-09-22,1441.0,1443.9,1433.6,1440.8,158312
2021-09-23,1447.5,1455.5,1445.6,1450.0,142685
2021-09-24,1454.6,1455.9,1446.1,1449.9,141963
2021-09-27,1452.3,1454.4,1434.0,1434.0,132794
2021-09-28,1430.0,1454.4,1430.0,1454.4,158398
2021-09-29,1449.1,1452.2,1433.4,1449.2,234985
2021-09-30,1451.1,1458.3,1448.0,1452.0,182695
2021-10-01,1441.0,1446.5,1436.0,1441.0,177876
2021-10-04,1440.6,1444.7,1434.1,1440.3,136496
2021-10-05,1438.0,1449.6,1438.0,1449.0,116987
2021-10-06,1451.2,1453.4,1447.2,1452.0,105601
2021-10-07,1457.4,1459.5,1452.8,1454.8,94131
2021-10-08,1458.0,1474.5,1457.4,1474.5,118668
2021-10-11,1475.5,1514.0,1475.5,1513.5,131427
2021-10-12,1513.5,1514.0,1499.6,1510.0,159949
2021-10-13,1513.0,1522.4,1502.1,1503.1,173438
2021-10-14,1508.5,1514.3,1500.2,1505.9,178043
2021-10-15,1510.0,1516.6,1500.5,1504.5,147305
2021-10-18,1505.1,1522.0,1505.1,1510.5,148406
2021-10-19,1511.1,1513.5,1503.2,1510.6,150410
2021-10-20,1513.0,1517.4,1485.0,1504.0,165106
2021-10-21,1507.2,1509.5,1489.0,1489.0,134876
2021-10-22,1495.2,1496.8,1485.5,1492.0,118648
2021-10-25,1495.0,1495.0,1478.0,1478.0,130955
2021-10-26,1477.5,1489.0,1468.2,1489.0,149671
2021-10-27,1489.1,1526.5,1487.9,1523.3,155486
2021-10-28,1523.5,1535.7,1517.4,1532.3,148233
2021-10-29,1532.0,1539.8,1527.0,1533.7,148152
2021-11-01,1535.0,1535.6,1518.1,1522.7,121183
2021-11-02,1522.0,1528.1,1519.0,1524.1,114103
2021-11-03,1524.9,1538.3,1520.9,1528.5,166803
2021-11-04,1530.7,1535.2,1523.3,1529.8,136853
2021-11-05,1529.3,1539.5,1526.8,1535.1,97033
2021-11-08,1537.6,1545.3,1534.0,1537.7,106262
2021-11-09,1538.1,1539.0,1521.0,1525.5,127651
2021-11-10,1525.0,1534.7,1518.7,1529.3,112979
2021-11-11,1527.6,1529.9,1507.6,1513.0,181758
2021-11-12,1514.6,1530.7,1505.3,1530.7,147968
2021-11-15,1533.0,1536.5,1522.4,1527.8,114909
2021-11-16,1527.8,1529.5,1515.0,1517.3,149633
2021-11-17,1516.9,1523.3,1514.6,1520.4,100344
2021-11-18,1521.9,1522.2,1504.1,1504.1,97134
2021-11-19,1505.7,1522.5,1488.0,1502.5,158128
2021-11-22,1503.6,1521.7,1498.5,1512.5,150039
2021-11-23,1512.6,1528.9,1509.0,1528.9,106381
2021-11-24,1533.5,1565.0,1529.6,1562.1,146245
2021-11-25,1564.5,1574.9,1561.5,1566.6,121145
2021-11-26,1564.6,1576.9,1553.6,1556.7,141489
2021-11-29,1548.2,1551.9,1536.5,1551.9,151111
2021-11-30,1556.0,1563.7,1533.3,1537.1,165031
2021-12-01,1536.9,1553.9,1531.1,1553.9,159486
2021-12-02,1549.9,1554.4,1539.6,1540.0,130690
2021-12-03,1545.0,1547.9,1509.0,1509.0,150443
2021-12-06,1508.1,1513.5,1466.1,1480.2,198268
2021-12-07,1490.0,1512.0,1488.0,1512.0,160331
2021-12-08,1515.8,1518.2,1508.8,1511.0,144500
2021-12-09,1512.8,1532.4,1510.1,1532.0,122700
2021-12-10,1531.0,1532.3,1513.1,1520.5,157801
2021-12-13,1526.6,1527.2,1516.5,1525.9,113349
2021-12-14,1523.9,1529.8,1513.6,1518.5,143404
2021-12-15,1518.5,1526.6,1514.6,1520.1,118443
2021-12-16,1525.5,1527.0,1489.9,1510.0,119549
2021-12-17,1514.0,1524.1,1512.8,1520.0,122129
2021-12-20,1512.1,1517.5,1496.7,1508.0,128827
2021-12-21,1511.4,1519.5,1509.0,1512.5,113617
2021-12-22,1516.5,1519.5,1500.0,1508.0,109194
2021-12-23,1506.7,1507.8,1476.0,1488.2,191023
2021-12-24,1488.0,1511.5,1484.6,1509.0,139845
2021-12-27,1513.0,1518.6,1501.4,1516.0,122598
2021-12-28,1518.0,1524.3,1510.0,1520.2,138787
2021-12-29,1522.0,1526.0,1517.5,1519.0,101607
2021-12-30,1518.9,1533.5,1518.2,1525.5,100162
2021-12-31,1527.6,1541.9,1527.3,1537.0,106190
2022-01-04,1544.9,1562.9,1543.1,1558.5,82662
2022-01-05,1557.6,1560.5,1548.1,1549.0,81531
2022-01-06,1544.0,1556.9,1543.7,1545.1,94315
2022-01-07,1547.9,1548.0,1533.5,1539.6,109079
2022-01-10,1540.0,1540.3,1513.1,1513.1,107206
2022-01-11,1515.0,1518.6,1499.7,1503.6,129007
2022-01-12,1500.7,1528.9,1486.3,1528.9,177165
2022-01-13,1530.2,1541.8,1522.6,1525.7,151710
2022-01-14,1519.5,1532.1,1515.1,1520.1,141848
2022-01-17,1522.8,1525.4,1478.5,1480.0,178465
2022-01-18,1475.0,1489.5,1467.5,1482.5,172136
2022-01-19,1482.9,1496.4,1477.1,1482.0,162316
2022-01-20,1483.8,1495.8,1480.5,1492.6,110314
2022-01-21,1493.0,1503.8,1490.8,1498.9,125072
2022-01-24,1496.0,1496.0,1466.1,1468.2,153877
2022-01-25,1468.5,1503.9,1465.2,1503.9,197401
2022-01-26,1510.0,1524.9,1509.1,1519.0,154409
2022-01-27,1513.2,1516.0,1499.0,1512.0,139656
2022-01-28,1518.0,1534.3,1517.1,1528.0,146392
2022-02-07,1543.9,1547.8,1530.0,1532.8,83370
2022-02-08,1532.8,1543.6,1527.8,1535.5,111985
2022-02-09,1540.0,1555.8,1540.0,1541.0,130465
2022-02-10,1543.6,1544.4,1528.6,1542.5,129404
2022-02-11,1538.8,1545.6,1535.0,1543.0,122136
2022-02-14,1536.0,1536.0,1510.1,1510.1,155300
2022-02-15,1511.1,1527.3,1511.0,1522.0,135165
2022-02-16,1528.0,1532.3,1514.5,1521.0,153863
2022-02-17,1522.0,1540.2,1521.3,1540.2,132651
2022-02-18,1525.0,1527.8,1518.5,1525.0,133830
2022-02-21,1523.4,1531.5,1521.2,1530.0,103299
2022-02-22,1517.9,1518.9,1501.4,1517.5,176629
2022-02-23,1526.1,1535.0,1524.7,1529.3,116353
2022-02-24,1520.0,1526.2,1503.0,1514.7,204453
2022-02-25,1526.0,1529.9,1517.0,1517.0,127673
2022-02-28,1511.9,1518.5,1507.6,1511.2,128372
2022-03-01,1518.0,1518.1,1512.3,1515.6,104548
2022-03-02,1512.0,1513.0,1495.9,1502.0,168709
2022-03-03,1508.7,1517.5,1502.8,1517.5,135199
2022-03-04,1514.8,1517.4,1510.0,1513.0,111671
2022-03-07,1498.0,1507.8,1496.0,1504.2,118417
2022-03-08,1498.7,1499.4,1484.2,1490.3,142855
2022-03-09,1493.8,1495.6,1486.2,1490.8,129030
2022-03-10,1500.3,1501.9,1490.0,1490.0,104782
2022-03-11,1486.6,1487.5,1471.3,1476.0,150729
2022-03-14,1476.0,1476.0,1456.0,1463.4,154070
2022-03-15,1461.5,1469.5,1458.0,1464.5,144871
2022-03-16,1471.0,1474.8,1465.2,1471.8,117998
2022-03-17,1477.7,1478.8,1468.2,1472.2,109620
2022-03-18,1477.0,1483.4,1476.0,1478.1,103666
2022-03-21,1479.7,1496.1,1479.5,1494.9,109570
2022-03-22,1498.1,1505.3,1494.1,1500.0,115791
2022-03-23,1502.7,1510.2,1495.0,1497.2,134488
2022-03-24,1495.5,1499.5,1491.0,1494.0,122344
2022-03-25,1497.0,1497.0,1488.2,1494.0,117690
2022-03-28,1489.1,1490.8,1475.5,1483.5,121944
2022-03-29,1485.5,1493.5,1484.5,1493.4,98973
2022-03-30,1489.5,1503.8,1486.1,1489.8,164555
2022-03-31,1492.0,1499.2,1490.0,1496.0,91809
2022-04-01,1493.0,1528.0,1492.2,1525.0,157140
2022-04-04,1529.8,1537.3,1526.8,1528.4,102494
2022-04-05,1526.9,1532.7,1523.6,1525.3,104939
2022-04-06,1519.0,1550.4,1517.8,1540.3,189020
2022-04-07,1543.1,1544.3,1529.7,1529.8,144546
2022-04-08,1528.4,1535.2,1523.9,1523.9,134752
2022-04-12,1524.0,1526.6,1507.6,1509.4,167740
2022-04-13,1511.5,1521.2,1511.3,1519.7,132886
2022-04-14,1522.4,1524.5,1509.1,1512.5,126257
2022-04-15,1511.8,1517.3,1492.6,1492.6,167556
2022-04-18,1494.1,1494.4,1472.0,1473.1,195995
2022-04-19,1476.3,1484.5,1449.1,1454.1,191291
2022-04-20,1456.3,1457.9,1436.5,1440.0,225358
2022-04-21,1443.9,1451.7,1424.5,1435.3,210284
2022-04-22,1441.7,1459.4,1435.0,1445.0,226792
2022-04-25,1442.8,1445.4,1346.0,1353.1,280121
2022-04-26,1356.0,1393.0,1327.2,1391.0,384319
2022-04-27,1379.0,1405.5,1359.2,1401.0,306534
2022-04-28,1399.7,1406.6,1388.1,1392.0,244675
2022-04-29,1395.0,1420.9,1389.7,1409.0,244985
2022-05-04,1408.3,1409.9,1383.0,1383.0,211096
2022-05-05,1391.0,1403.3,1372.8,1402.5,231018
2022-05-06,1382.0,1396.3,1359.4,1362.0,301145
2022-05-09,1353.1,1355.8,1301.0,1308.1,328416
2022-05-10,1299.1,1340.9,1291.2,1335.0,361497
2022-05-11,1335.0,1347.7,1318.4,1337.0,297281
2022-05-12,1333.8,1334.0,1262.6,1270.0,346301
2022-05-13,1272.0,1287.0,1215.0,1225.0,437718
2022-05-16,1238.6,1261.2,1212.0,1212.0,354410
2022-05-17,1220.0,1282.8,1204.9,1280.9,364450
2022-05-18,1280.3,1304.1,1265.6,1281.0,411543
2022-05-19,1254.3,1291.9,1252.0,1283.0,309709
2022-05-20,1283.5,1298.9,1260.0,1276.8,317068
2022-05-23,1289.0,1289.0,1238.8,1253.1,324733
2022-05-24,1253.0,1270.9,1234.1,1267.0,389658
2022-05-25,1274.8,1305.8,1268.7,1299.3,318724
2022-05-26,1302.1,1310.0,1292.1,1300.9,279325
2022-05-27,1306.0,1328.6,1305.1,1322.5,255624
2022-05-30,1329.7,1330.6,1319.7,1325.6,203674
2022-05-31,1326.7,1326.7,1310.8,1320.5,224978
2022-06-01,1319.0,1337.4,1316.0,1326.0,325936
2022-06-02,1318.0,1329.9,1313.1,1315.0,253048
2022-06-03,1318.0,1321.9,1305.7,1318.5,233505
2022-06-06,1320.7,1331.7,1315.0,1315.0,224785
2022-06-07,1315.0,1315.5,1293.4,1315.0,278664
2022-06-08,1321.0,1342.0,1320.0,1333.0,267430
2022-06-09,1332.4,1338.9,1327.6,1335.3,264559
2022-06-10,1328.3,1333.7,1311.1,1311.1,232693
2022-06-13,1284.9,1289.7,1257.7,1260.2,332829
2022-06-14,1254.6,1272.3,1250.0,1268.3,353747
2022-06-15,1268.2,1270.4,1235.6,1251.3,237514
2022-06-16,1261.0,1286.5,1260.8,1286.0,284868
2022-06-17,1247.0,1248.7,1215.5,1245.2,455234
2022-06-20,1244.8,1249.4,1212.0,1212.0,405214
2022-06-21,1216.8,1240.0,1210.5,1228.0,504516
2022-06-22,1233.8,1240.8,1216.0,1216.0,404680
2022-06-23,1222.0,1230.3,1216.3,1227.8,336908
2022-06-24,1236.0,1237.8,1226.2,1227.0,243816
2022-06-27,1236.0,1247.9,1234.1,1247.9,218952
2022-06-28,1246.1,1266.2,1242.7,1261.0,258194
2022-06-29,1255.0,1262.8,1251.1,1260.5,289583
2022-06-30,1261.9,1264.8,1240.1,1240.1,256951
2022-07-01,1241.0,1243.4,1221.6,1242.0,330352
2022-07-04,1247.0,1252.0,1238.1,1242.0,245644
2022-07-05,1248.3,1251.8,1234.6,1234.9,332002
2022-07-06,1234.4,1234.4,1214.0,1218.0,399286
2022-07-07,1215.3,1225.9,1213.1,1225.0,319336
2022-07-08,1230.5,1231.8,1223.6,1225.0,210770
2022-07-11,1221.0,1221.8,1197.8,1200.7,228673
2022-07-12,1202.0,1215.8,1202.0,1213.5,224334
2022-07-13,1215.0,1220.0,1209.6,1210.0,251969
2022-07-14,1206.8,1217.3,1204.6,1215.7,242459
2022-07-15,1218.5,1221.5,1209.5,1210.1,320466
2022-07-18,1218.2,1221.0,1212.6,1215.4,178982
2022-07-19,1213.9,1216.3,1208.1,1213.0,196929
2022-07-20,1223.3,1230.5,1221.4,1226.1,189503
2022-07-21,1225.3,1241.9,1225.2,1234.1,203851
2022-07-22,1230.5,1234.0,1223.5,1225.6,206218
2022-07-25,1221.9,1224.6,1217.2,1221.9,187038
2022-07-26,1222.1,1225.5,1217.4,1218.9,154039
2022-07-27,1216.0,1223.0,1213.0,1223.0,163110
2022-07-28,1228.8,1237.2,1228.5,1231.6,163834
2022-07-29,1236.2,1236.8,1229.2,1230.7,166959
2022-08-01,1232.1,1246.0,1231.1,1244.4,200993
2022-08-02,1244.7,1249.4,1238.3,1245.9,185605
2022-08-03,1245.4,1252.8,1242.4,1250.0,220620
2022-08-04,1255.9,1259.8,1252.2,1257.5,194586
2022-08-05,1259.0,1264.5,1254.8,1264.5,177010
2022-08-08,1263.0,1267.7,1261.4,1266.0,136420
2022-08-09,1264.5,1275.2,1264.4,1272.7,195449
2022-08-10,1270.9,1273.7,1268.7,1270.6,139136
2022-08-11,1282.7,1287.7,1268.0,1268.0,201523
2022-08-12,1267.6,1280.1,1266.3,1280.1,169096
2022-08-15,1285.2,1294.5,1284.8,1293.0,183149
2022-08-16,1296.5,1297.3,1291.5,1296.9,181155
2022-08-17,1299.5,1311.2,1298.6,1309.0,186608
2022-08-18,1307.0,1312.8,1304.7,1304.8,161249
2022-08-19,1292.1,1292.1,1276.3,1281.0,191505
2022-08-22,1275.1,1278.9,1270.3,1271.0,182035
2022-08-23,1265.7,1283.1,1264.4,1283.1,185505
2022-08-24,1282.0,1287.8,1278.4,1285.2,188363
2022-08-25,1287.1,1304.3,1287.0,1303.0,186354
2022-08-26,1305.5,1305.9,1290.2,1293.0,215709
2022-08-29,1270.5,1286.0,1264.7,1286.0,236351
2022-08-30,1288.7,1295.6,1280.6,1287.0,248343
2022-08-31,1282.0,1298.0,1278.0,1293.9,260325
2022-09-05,1294.0,1298.2,1282.7,1286.0,231030
2022-09-06,1287.8,1295.8,1286.9,1290.0,228845
2022-09-07,1283.0,1286.5,1265.0,1265.0,249186
2022-09-08,1269.5,1275.5,1263.4,1264.1,295182
2022-09-09,1269.0,1275.0,1259.7,1275.0,249410
2022-09-12,1281.0,1283.2,1275.1,1276.8,153065
2022-09-13,1278.3,1278.7,1272.0,1272.0,146366
2022-09-14,1252.0,1261.9,1250.0,1259.0,193285
2022-09-15,1261.0,1263.5,1256.7,1262.2,146921
2022-09-16,1254.1,1254.3,1233.3,1237.0,174958
2022-09-19,1238.9,1238.9,1218.0,1223.5,263620
2022-09-20,1228.0,1235.3,1221.8,1232.7,228260
2022-09-21,1228.0,1228.7,1213.7,1219.6,296408
2022-09-22,1208.0,1225.0,1204.0,1225.0,265857
2022-09-23,1221.9,1223.0,1204.4,1210.0,280782
2022-09-26,1198.5,1198.7,1173.7,1192.0,312221
2022-09-27,1190.6,1196.3,1183.2,1185.0,299829
2022-09-28,1173.7,1177.9,1161.2,1165.0,349517
2022-09-29,1176.0,1176.6,1148.0,1148.0,271480
2022-09-30,1143.3,1164.3,1137.0,1150.0,340112
2022-10-03,1145.5,1147.0,1097.0,1102.6,374580
2022-10-04,1113.5,1125.0,1094.5,1102.0,412066
2022-10-05,1113.3,1133.9,1113.3,1115.2,370445
2022-10-06,1118.2,1119.1,1080.0,1080.0,412029
2022-10-07,1065.1,1066.5,1025.5,1032.2,445509
2022-10-10,1010.9,1049.7,1008.2,1032.5,422443
2022-10-11,1024.5,1026.5,980.0,989.0,432443
2022-10-12,996.8,1038.9,995.0,1025.1,419083
2022-10-13,1027.8,1039.6,1004.6,1039.6,497483
2022-10-14,1061.9,1063.8,1044.2,1048.0,299910
2022-10-17,1036.0,1050.0,1017.4,1050.0,308081
2022-10-18,1055.3,1069.7,1049.2,1057.9,350908
2022-10-19,1058.9,1059.0,1045.9,1053.0,330140
2022-10-20,1045.6,1059.3,1040.0,1058.0,279390
2022-10-21,1038.0,1038.3,982.6,985.0,417813
2022-10-24,995.0,996.0,931.0,942.0,462274
2022-10-25,940.0,984.6,933.0,961.0,644594
2022-10-26,969.0,976.4,955.2,967.5,469159
2022-10-27,975.5,1025.0,972.1,1025.0,474283
2022-10-28,1027.3,1036.8,1013.6,1016.0,444719
2022-10-31,1023.8,1025.5,984.5,1024.0,477212
2022-11-01,1030.5,1046.6,1018.0,1018.0,455127
2022-11-02,1015.0,1028.8,1005.6,1021.0,487164
2022-11-03,1011.0,1023.8,1001.1,1001.1,392884
2022-11-04,995.2,996.1,958.6,980.0,490878
2022-11-07,981.0,990.8,950.0,950.0,429279
2022-11-08,945.6,984.7,940.1,972.1,435199
2022-11-09,978.2,987.4,956.3,959.0,410480
2022-11-10,951.0,959.3,906.2,912.8,469015
2022-11-11,932.7,959.5,931.5,938.0,533624
2022-11-14,934.1,937.5,912.7,932.0,592383
2022-11-15,926.1,926.1,885.1,895.0,533661
2022-11-16,877.0,957.6,860.8,957.6,566310
2022-11-17,953.8,973.5,950.2,972.5,291529
2022-11-18,960.1,974.9,938.5,963.0,525965
2022-11-21,969.3,970.7,938.2,938.2,443488
2022-11-22,933.0,987.0,926.0,926.0,588023
2022-11-23,932.9,948.0,916.1,924.1,541324
2022-11-24,921.0,938.9,918.2,938.9,445360
2022-11-25,946.0,969.0,945.7,969.0,363471
2022-11-28,975.0,1008.0,972.4,993.7,381418
2022-11-29,992.3,1015.5,986.8,1015.5,410334
2022-11-30,1019.8,1031.2,1010.1,1027.9,403694
2022-12-01,1041.0,1059.4,1029.0,1029.0,412958
2022-12-02,1029.0,1101.0,1025.1,1101.0,429893
2022-12-05,1108.4,1125.5,1086.7,1104.0,472082
2022-12-06,1103.0,1103.0,1046.0,1046.0,476925
2022-12-07,1040.0,1062.0,1034.6,1053.3,503186
2022-12-08,1052.3,1101.1,1051.7,1055.0,536826
2022-12-09,1059.0,1083.4,1047.3,1070.0,566748
2022-12-12,1069.0,1074.3,1035.2,1035.2,405419
2022-12-13,1039.0,1058.0,1026.1,1058.0,440197
2022-12-14,1068.0,1071.2,1050.0,1059.6,382118
2022-12-15,1059.4,1078.7,1057.0,1065.1,278440
2022-12-16,1059.1,1075.9,1054.6,1060.0,297611
2022-12-19,1056.0,1075.9,1045.0,1045.0,294108
2022-12-20,1041.5,1043.6,1007.4,1027.0,414370
2022-12-21,1030.0,1039.0,1009.5,1037.0,407633
2022-12-22,1043.5,1045.3,1026.3,1037.7,363217
2022-12-23,1031.1,1045.0,1016.6,1034.8,363886
2022-12-26,1030.3,1031.8,986.4,986.4,379274
2022-12-27,989.8,1010.0,983.5,1001.0,407814
2022-12-28,998.1,1017.7,991.0,1008.0,377420
2022-12-29,1002.5,1014.0,993.0,993.0,345408
2022-12-30,997.0,1010.2,995.3,1004.5,273078
2023-01-03,999.9,1045.5,999.8,1045.5,318203
2023-01-04,1046.5,1054.0,1039.0,1042.7,341378
2023-01-05,1044.2,1061.0,1043.6,1053.8,261738
2023-01-06,1053.2,1067.0,1046.6,1051.0,333730
2023-01-09,1059.0,1063.6,1050.2,1053.6,266050
2023-01-10,1051.1,1061.9,1047.5,1056.6,290434
2023-01-11,1061.7,1073.0,1060.7,1062.7,260766
2023-01-12,1067.0,1069.0,1056.4,1065.2,239097
2023-01-13,1070.9,1075.5,1062.3,1069.1,240686
2023-01-16,1070.7,1075.4,1064.2,1075.2,207203
2023-01-17,1081.0,1107.0,1078.5,1107.0,244223
2023-01-18,1105.0,1121.4,1103.6,1117.3,267200
2023-01-19,1114.0,1123.9,1112.8,1121.0,220815
2023-01-27,1138.9,1145.4,1123.8,1127.0,178930
2023-01-30,1125.5,1129.0,1109.8,1109.8,176307
2023-01-31,1108.5,1126.0,1097.6,1125.0,215071
2023-02-01,1129.8,1130.5,1085.0,1088.5,321317
2023-02-02,1090.0,1101.0,1078.0,1088.0,353621
2023-02-03,1093.4,1093.4,1080.1,1081.9,236022
2023-02-06,1078.0,1094.9,1068.5,1090.6,284739
2023-02-07,1091.1,1093.5,1063.0,1067.3,278669
2023-02-08,1069.3,1083.0,1065.9,1072.0,289877
2023-02-09,1068.6,1076.8,1057.0,1057.0,371900
2023-02-10,1056.5,1058.9,1044.1,1045.0,267210
2023-02-13,1042.9,1045.8,1021.8,1038.6,289504
2023-02-14,1040.8,1040.8,1027.4,1030.9,276784
2023-02-15,1030.9,1050.0,1027.7,1037.0,348395
2023-02-16,1041.0,1053.5,1039.0,1052.3,240686
2023-02-17,1051.0,1052.4,1041.0,1049.0,294696
2023-02-20,1050.0,1090.0,1050.0,1088.0,296182
2023-02-21,1089.6,1092.5,1076.1,1076.1,284158
2023-02-22,1064.8,1070.2,1043.8,1043.8,309129
2023-02-23,1045.5,1048.0,1025.2,1048.0,356692
2023-02-24,1045.0,1047.3,1017.5,1020.0,329590
2023-02-27,1017.4,1019.7,1003.1,1011.0,316893
2023-02-28,1014.5,1022.6,1006.9,1008.0,306067
2023-03-01,1003.6,1034.4,998.1,1032.0,407520
2023-03-02,1031.2,1035.8,1020.6,1024.0,336940
2023-03-03,1028.0,1032.0,1005.2,1005.2,362071
2023-03-06,1013.1,1035.7,1010.0,1010.0,374052
2023-03-07,1020.0,1040.1,1018.7,1027.9,448293
2023-03-08,1017.0,1038.0,1013.6,1038.0,358994
2023-03-09,1042.7,1057.5,1036.1,1050.7,346084
2023-03-10,1042.0,1049.8,1033.3,1049.8,336447
2023-03-13,1043.8,1054.4,1043.8,1048.0,319609
2023-03-14,1043.8,1047.2,1032.7,1037.9,273728
2023-03-15,1051.4,1068.4,1051.4,1063.0,313826
2023-03-16,1057.5,1059.3,1042.0,1043.0,292482
2023-03-17,1056.2,1057.5,1041.5,1045.1,298169
2023-03-20,1040.0,1040.0,1017.5,1022.4,291579
2023-03-21,1027.9,1031.1,1013.2,1030.5,414056
2023-03-22,1038.1,1041.5,1030.7,1034.5,369960
2023-03-23,1027.3,1039.6,1027.2,1038.9,286772
2023-03-24,1041.9,1054.0,1041.2,1043.1,318333
2023-03-27,1045.5,1052.4,1040.6,1047.3,312192
2023-03-28,1052.6,1059.7,1050.5,1051.5,307719
2023-03-29,1049.8,1056.0,1048.6,1056.0,263298
2023-03-30,1060.9,1067.2,1060.9,1064.5,244228
2023-03-31,1064.6,1075.4,1064.6,1066.0,306844
2023-04-03,1081.3,1083.0,1077.0,1083.0,219390
2023-04-04,1085.0,1085.2,1078.3,1080.2,197953
2023-04-05,1080.5,1084.1,1077.5,1084.1,148406
2023-04-06,1083.8,1086.5,1073.0,1073.0,161432
2023-04-07,1076.0,1076.0,1068.2,1075.1,187586
2023-04-10,1075.6,1079.5,1070.8,1072.8,163946
2023-04-11,1069.5,1078.2,1065.3,1076.0,222805
2023-04-12,1077.9,1077.9,1071.3,1075.0,187416
2023-04-13,1074.5,1075.0,1069.9,1070.0,139105
2023-04-14,1072.0,1074.7,1063.1,1063.1,209116
2023-04-17,1063.5,1064.5,1058.0,1064.5,183714
2023-04-18,1065.4,1065.5,1060.1,1063.0,159476
2023-04-19,1062.8,1063.6,1054.5,1055.0,125335
2023-04-20,1055.0,1055.4,1048.7,1053.9,149234
2023-04-21,1047.8,1047.8,1040.0,1040.0,162134
2023-04-24,1038.0,1046.8,1036.9,1040.9,205169
2023-04-25,1042.6,1044.2,1030.6,1030.7,188006
2023-04-26,1028.9,1037.7,1025.7,1037.5,222852
2023-04-27,1036.4,1039.1,1032.6,1035.0,189036
2023-04-28,1038.9,1043.5,1037.5,1042.5,166214
2023-05-04,1041.9,1042.5,1031.3,1035.0,160855
2023-05-05,1032.4,1035.9,1030.6,1033.5,167575
2023-05-08,1037.5,1042.4,1036.4,1041.8,139125
2023-05-09,1041.9,1045.9,1041.1,1042.2,121169
2023-05-10,1042.3,1052.0,1042.3,1050.6,147882
2023-05-11,1051.6,1054.9,1050.0,1051.6,137394
2023-05-12,1050.2,1064.9,1048.4,1064.9,177605
2023-05-15,1068.0,1071.7,1065.0,1066.5,141454
2023-05-16,1065.5,1069.3,1064.5,1067.0,135664
2023-05-17,1065.8,1074.7,1065.0,1065.0,171730
2023-05-18,1066.8,1076.2,1066.5,1074.2,145096
2023-05-19,1064.9,1064.9,1053.0,1062.5,230092
2023-05-22,1063.0,1067.9,1060.6,1065.3,154764
2023-05-23,1067.2,1070.5,1056.1,1059.5,177724
2023-05-24,1061.6,1063.9,1054.7,1056.1,183543
2023-05-25,1054.0,1059.2,1052.7,1057.0,164501
2023-05-26,1057.5,1058.9,1054.3,1056.5,121117
2023-05-29,1059.9,1068.5,1059.7,1068.0,129671
2023-05-30,1069.6,1070.6,1064.2,1068.2,139764
2023-05-31,1067.7,1068.5,1059.1,1062.6,132710
2023-06-01,1062.0,1065.0,1056.7,1065.0,151091
2023-06-02,1069.4,1084.5,1068.5,1078.8,212092
2023-06-05,1082.5,1091.4,1082.5,1087.2,150708
2023-06-06,1085.3,1096.4,1084.1,1096.1,154919
2023-06-07,1099.0,1100.2,1093.3,1098.0,157620
2023-06-08,1098.9,1100.4,1089.0,1089.0,146445
2023-06-09,1089.3,1095.3,1087.3,1095.3,145563
2023-06-12,1098.1,1109.0,1091.2,1108.3,157940
2023-06-13,1109.0,1116.0,1106.6,1115.5,172871
2023-06-14,1115.7,1123.5,1112.1,1112.1,184853
2023-06-15,1110.0,1117.5,1108.2,1109.3,149860
2023-06-16,1104.2,1122.6,1101.4,1102.6,245434
2023-06-19,1100.1,1104.0,1094.6,1096.5,186912
2023-06-20,1096.0,1100.0,1090.5,1100.0,161251
2023-06-21,1100.8,1115.5,1095.7,1115.5,193488
2023-06-22,1115.5,1120.5,1110.2,1114.0,178372
2023-06-23,1114.5,1122.8,1112.7,1119.1,214094
2023-06-26,1118.1,1124.1,1111.7,1123.0,217308
2023-06-27,1125.5,1125.8,1121.0,1125.2,132592
2023-06-28,1127.0,1135.1,1126.9,1132.4,139703
2023-06-29,1132.1,1132.4,1115.0,1115.0,189512
2023-06-30,1116.1,1119.9,1114.6,1117.3,151936
2023-07-03,1120.8,1122.2,1116.2,1117.5,130472
2023-07-04,1115.9,1126.7,1113.6,1123.0,159070
2023-07-05,1123.0,1130.0,1122.7,1124.0,134799
2023-07-06,1122.5,1124.0,1111.6,1116.0,163443
2023-07-07,1114.0,1125.0,1113.7,1125.0,152034
2023-07-10,1126.1,1136.5,1126.1,1136.5,157129
2023-07-11,1139.2,1144.5,1136.5,1138.0,146536
2023-07-12,1139.5,1143.3,1135.2,1141.8,164512
2023-07-13,1145.6,1155.0,1145.6,1155.0,162854
2023-07-14,1158.3,1162.1,1144.6,1162.1,180858
2023-07-17,1161.0,1166.6,1159.3,1161.8,136253
2023-07-18,1162.0,1165.0,1158.0,1165.0,143179
2023-07-19,1168.0,1170.0,1164.1,1164.1,123478
2023-07-20,1163.5,1165.5,1159.3,1165.1,123619
2023-07-21,1164.9,1184.9,1162.5,1184.9,136587
2023-07-24,1185.0,1193.9,1182.0,1191.4,136184
2023-07-25,1193.2,1198.3,1190.3,1194.0,158840
2023-07-26,1194.0,1199.0,1192.3,1197.0,117694
2023-07-27,1198.0,1199.6,1190.1,1193.8,161229
2023-07-28,1191.6,1210.0,1191.2,1210.0,189979
2023-07-31,1213.8,1234.2,1213.8,1234.2,136135
2023-08-01,1235.2,1241.9,1220.0,1220.0,169285
2023-08-02,1221.0,1228.7,1218.0,1218.0,154997
2023-08-03,1216.8,1223.8,1205.2,1208.4,191841
2023-08-04,1211.7,1234.9,1211.6,1234.6,195548
2023-08-07,1237.9,1250.2,1235.3,1250.2,190560
2023-08-08,1254.5,1254.9,1241.6,1248.0,200419
2023-08-09,1248.0,1248.8,1234.3,1240.0,203995
2023-08-10,1238.0,1242.2,1224.6,1226.0,233536
2023-08-11,1230.0,1242.1,1222.4,1239.5,247742
2023-08-14,1242.4,1245.9,1235.3,1239.1,208756
2023-08-15,1241.8,1241.8,1235.7,1241.0,148019
2023-08-16,1245.3,1259.8,1243.5,1255.3,186888
2023-08-17,1252.5,1261.7,1252.5,1253.5,152666
2023-08-18,1238.2,1240.5,1176.1,1188.0,283971
2023-08-21,1185.3,1202.7,1182.2,1190.9,297585
2023-08-22,1193.4,1199.0,1161.4,1196.0,404449
2023-08-23,1202.0,1204.6,1174.2,1180.6,358026
2023-08-24,1183.6,1204.9,1180.3,1198.0,283963
2023-08-25,1195.1,1199.5,1188.0,1194.5,263941
2023-08-28,1201.6,1214.2,1198.3,1211.0,193968
2023-08-29,1213.8,1216.2,1205.2,1211.8,191792
2023-08-30,1214.0,1225.4,1212.1,1224.2,215429
2023-08-31,1223.8,1235.3,1223.3,1233.0,182251
2023-09-05,1237.7,1246.3,1236.5,1242.5,139348
2023-09-06,1240.8,1263.0,1237.7,1263.0,198718
2023-09-07,1262.1,1265.5,1248.6,1255.2,216918
2023-09-08,1255.1,1259.2,1248.3,1249.9,189971
2023-09-11,1259.1,1261.8,1217.0,1233.0,230383
2023-09-12,1230.2,1257.0,1228.4,1257.0,226097
2023-09-13,1257.0,1260.6,1236.1,1245.0,272411
2023-09-14,1246.3,1251.8,1227.1,1235.0,286810
2023-09-15,1238.3,1244.9,1233.8,1240.5,259850
2023-09-18,1236.0,1236.0,1213.0,1222.0,256215
2023-09-19,1225.3,1229.4,1213.8,1222.0,245468
2023-09-20,1222.9,1236.6,1221.6,1231.6,195188
2023-09-21,1230.1,1232.3,1217.1,1220.6,149598
2023-09-22,1200.7,1201.7,1176.3,1192.6,324562
2023-09-25,1186.1,1195.5,1162.3,1162.5,235996
2023-09-26,1162.3,1175.3,1151.6,1151.6,380993
2023-09-27,1153.5,1164.3,1146.0,1163.7,313935
2023-09-28,1165.4,1166.4,1139.0,1162.5,368546
2023-09-29,1165.7,1173.1,1160.6,1160.6,254131
2023-10-02,1162.7,1171.7,1158.1,1166.8,206505
2023-10-03,1158.6,1158.6,1128.0,1131.3,343588
2023-10-04,1121.8,1143.5,1116.1,1132.5,302852
2023-10-05,1133.4,1136.3,1120.0,1120.0,248506
2023-10-06,1122.4,1142.2,1120.0,1138.4,240000
2023-10-09,1136.2,1147.7,1132.6,1145.0,222295
2023-10-10,1155.5,1161.5,1153.9,1157.0,193219
2023-10-11,1157.0,1166.0,1153.1,1166.0,173202
2023-10-12,1168.6,1168.9,1158.2,1161.5,161614
2023-10-13,1155.8,1163.7,1146.2,1161.1,207412
2023-10-16,1158.0,1159.8,1143.6,1146.5,190927
2023-10-17,1151.2,1158.8,1134.9,1134.9,219574
2023-10-18,1138.6,1142.5,1113.6,1125.0,264162
2023-10-19,1124.0,1125.0,1111.2,1112.0,217804
2023-10-20,1100.8,1123.0,1097.0,1117.0,264903
2023-10-23,1116.9,1117.3,1094.2,1104.9,293406
2023-10-24,1108.6,1121.3,1102.1,1112.0,276843
2023-10-25,1116.3,1122.9,1109.2,1109.2,242088
2023-10-26,1102.9,1102.9,1053.1,1060.0,427590
2023-10-27,1066.1,1069.5,1050.3,1068.5,369861
2023-10-30,1059.8,1066.5,1039.9,1039.9,285107
2023-10-31,1043.4,1053.2,1037.0,1039.7,354407
2023-11-01,1046.2,1052.0,1039.2,1047.5,316430
2023-11-02,1057.5,1087.0,1054.9,1087.0,304457
2023-11-03,1092.1,1094.7,1084.7,1087.0,283751
2023-11-06,1095.9,1106.0,1095.5,1106.0,245465
2023-11-07,1102.2,1102.8,1094.1,1095.4,225214
2023-11-08,1094.7,1136.6,1086.5,1134.0,338840
2023-11-09,1135.1,1138.9,1123.6,1125.0,310352
2023-11-10,1115.1,1123.8,1106.2,1108.5,322139
2023-11-13,1109.7,1116.2,1100.2,1107.0,283589
2023-11-14,1115.1,1123.4,1110.2,1120.0,273186
2023-11-15,1141.6,1150.6,1133.5,1134.0,277111
2023-11-16,1129.2,1132.8,1122.7,1125.1,190940
2023-11-17,1142.0,1142.0,1095.9,1105.0,358739
2023-11-20,1082.0,1117.0,1081.0,1102.0,351161
2023-11-21,1108.0,1112.5,1101.1,1111.0,289662
2023-11-22,1111.8,1114.9,1096.2,1112.0,281206
2023-11-23,1118.3,1118.3,1080.0,1080.0,302416
2023-11-24,1082.4,1086.4,1067.2,1084.9,332973
2023-11-27,1084.1,1085.0,1076.0,1076.0,211985
2023-11-28,1077.4,1091.5,1068.5,1087.0,285969
2023-11-29,1087.0,1098.7,1087.0,1092.1,208778
2023-11-30,1090.1,1098.3,1075.5,1076.0,270276
2023-12-01,1080.9,1094.7,1077.7,1090.1,251460
2023-12-04,1097.0,1115.0,1094.6,1107.0,254561
2023-12-05,1105.6,1108.4,1096.6,1099.0,217064
2023-12-06,1103.2,1111.3,1101.2,1111.1,185625
2023-12-07,1109.2,1118.0,1097.6,1112.0,367127
2023-12-08,1112.0,1119.0,1109.3,1112.0,234686
2023-12-11,1115.6,1119.6,1112.4,1117.0,158619
2023-12-12,1121.5,1122.6,1113.2,1118.8,178197
2023-12-13,1123.2,1123.2,1106.5,1107.0,205139
2023-12-14,1112.8,1113.4,1103.4,1103.9,206371
2023-12-15,1105.4,1108.5,1097.5,1099.3,223452
2023-12-18,1097.8,1099.5,1082.0,1082.0,225316
2023-12-19,1082.0,1091.3,1078.3,1091.3,227788
2023-12-20,1092.2,1097.2,1090.4,1096.1,150809
2023-12-21,1093.5,1095.9,1089.0,1094.7,131693
2023-12-22,1099.9,1100.0,1093.3,1097.7,170434
2023-12-25,1096.3,1119.2,1096.3,1115.0,151250
2023-12-26,1115.4,1121.5,1113.4,1121.5,132261
2023-12-27,1121.8,1126.2,1116.9,1116.9,135934
2023-12-28,1118.3,1135.2,1117.0,1132.9,157595
2023-12-29,1133.2,1139.5,1130.9,1134.6,160159
